{
	"minifire": {
		"subtitle":"Fire Minigun",
		"sounds": [
			"minigun:minifire"
		]
	},
	"miniidle": {
		"subtitle":"Idle Minigun",
		"sounds": [
			"minigun:miniidle"
		]
	},
		"mininoammo": {
		"subtitle":"No More Ammo",
		"sounds": [
			"minigun:mininoammo"
		]
	},
		"minispin": {
		"subtitle":"Minigun Spinning",
		"sounds": [
			"minigun:minispin"
		]
	},
	"ministop": {
		"subtitle":"Stop Spraying",
		"sounds": [
			"minigun:ministop"
		]
	},
	"tommyshoot": {
		"subtitle":"Tommy Fire",
		"sounds": [
			"minigun:tommyshoot"
		]
	},
	"tommyreload": {
		"subtitle":"Tommy Reload",
		"sounds": [
			"minigun:tommyreload"
		]
	},
	"m1fire": {
		"subtitle":"M1 Fire",
		"sounds": [
			"minigun:m1fire"
		]
	},
	"m1reload": {
		"subtitle":"M1 Reload",
		"sounds": [
			"minigun:m1reload"
		]
	},
	"flarefire": {
		"subtitle":"Flare Fire",
		"sounds": [
			"minigun:flarefire"
		]
	},
	"flareexplode": {
		"subtitle":"Flare Explode",
		"sounds": [
			"minigun:flareexplode"
		]
	},
	"flarereload": {
		"subtitle":"Flare Reload",
		"sounds": [
			"minigun:flarereload"
		]
	},
	"p90reload": {
		"subtitle":"P90 Reload",
		"sounds": [
			"minigun:p90reload"
		]
	},
	"p90fire": {
		"subtitle":"P90 Fire",
		"sounds": [
			"minigun:p90fire"
		]
	},
	"pumpreload": {
		"subtitle":"Pump Reload",
		"sounds": [
			"minigun:pumpreload"
		]
	},
	"pumpfire": {
		"subtitle":"Pump Fire",
		"sounds": [
			"minigun:pumpfire"
		]
	},
	"revolverreload": {
		"subtitle":"Revolver Reload",
		"sounds": [
			"minigun:revolverreload"
		]
	},
	"revolverfire": {
		"subtitle":"Revolver Fire",
		"sounds": [
			"minigun:revolverfire"
		]
	},
	"awpfire": {
		"subtitle":"AWP Fire",
		"sounds": [
			"minigun:awpfire"
		]
	},
	"awpreload": {
		"subtitle":"AWP reload",
		"sounds": [
			"minigun:awpreload"
		]
	},
	"musketfire": {
		"subtitle":"Musket Fire",
		"sounds": [
			"minigun:musketfire"
		]
	},
	"rayfire": {
		"subtitle":"Ray Fire",
		"sounds": [
			"minigun:rayfire"
		]
	},
	"rayreload": {
		"subtitle":"Ray Reload",
		"sounds": [
			"minigun:rayreload"
		]
	},
	"dualiesreload": {
		"subtitle":"Dualies Reload",
		"sounds": [
			"minigun:dualiesreload"
		]
	},	
	"dualiesfire": {
		"subtitle":"Dualies Fire",
		"sounds": [
			"minigun:dualiesfire"
		]
	},
	"arfire": {
		"subtitle":"AR Fire",
		"sounds": [
			"minigun:arfire"
		]
	},
	"arreload": {
		"subtitle":"AR Reload",
		"sounds": [
			"minigun:arreload"
		]
	},
		"sixreload": {
		"subtitle":"Six Shooter Reload",
		"sounds": [
			"minigun:sixreload"
		]
	},
		"sixfire": {
		"subtitle":"Six Shooter Fire",
		"sounds": [
			"minigun:sixfire"
		]
	},
		"pistolshoot": {
		"subtitle":"Pistol Shooter Fire",
		"sounds": [
			"minigun:pistolshoot"
		]
	},
		"pistolreload": {
		"subtitle":"Pistol Shooter Reload",
		"sounds": [
			"minigun:pistolreload"
		]
	},
	"rocketreload": {
		"subtitle":"RPG Reload",
		"sounds": [
			"minigun:rocketreload"
		]
	},
	"rocketfire": {
		"subtitle":"RPG Fire",
		"sounds": [
			"minigun:rocketfire"
		]
	},
	"rockettrail": {
		"subtitle":"RPG Trail",
		"sounds": [
			"minigun:rockettrail"
		]
	},
	"tacfire": {
		"subtitle":"Tac AR Fire",
		"sounds": [
			"minigun:tacfire"
		]
	},
	"tacreload": {
		"subtitle":"Tac AR Reload",
		"sounds": [
			"minigun:tacreload"
		]
	},
	"huntingfire": {
		"subtitle":"Hunting Rifle Fire",
		"sounds": [
			"minigun:huntingfire"
		]
	},
	"huntingreload": {
		"subtitle":"Hunting Rifle Reload",
		"sounds": [
			"minigun:huntingreload"
		]
	},
	"akfire": {
		"subtitle":"AK Fire",
		"sounds": [
			"minigun:akfire"
		]
	},
	"akreload": {
		"subtitle":"AK Reload",
		"sounds": [
			"minigun:akreload"
		]
	},
	"lmgshoot": {
		"subtitle":"LMG Fire",
		"sounds": [
			"minigun:lmgshoot"
		]
	},
	"lmgreload": {
		"subtitle":"LMG Reload",
		"sounds": [
			"minigun:lmgreload"
		]
	},
	"deagshoot": {
		"subtitle":"Deagle Fire",
		"sounds": [
			"minigun:deagshoot"
		]
	},
	"deagreload": {
		"subtitle":"Deagle Reload",
		"sounds": [
			"minigun:deagreload"
		]
	},
	"huntingreload_s": {
		"subtitle":"Suppressed Hunting Reload",
		"sounds": [
			"minigun:huntingreload_s"
		]
	},
	"huntingfire_s": {
		"subtitle":"Suppressed Hunting Fire",
		"sounds": [
			"minigun:huntingfire_s"
		]
	},
	"awpreload_s": {
		"subtitle":"Suppressed AWP Reload",
		"sounds": [
			"minigun:awpreload_s"
		]
	},
	"awpfire_s": {
		"subtitle":"Suppressed AWP Fire",
		"sounds": [
			"minigun:awpfire_s"
		]
	},
	"arreload_s": {
		"subtitle":"Suppressed AR Reload",
		"sounds": [
			"minigun:arreload_s"
		]
	},
	"arfire_s": {
		"subtitle":"Suppressed AR Fire",
		"sounds": [
			"minigun:arfire_s"
		]
	},
	"sggreload_s": {
		"subtitle":"Suppressed SGG Reload",
		"sounds": [
			"minigun:sggreload_s"
		]
	},
	"sggfire_s": {
		"subtitle":"Suppressed SGG Fire",
		"sounds": [
			"minigun:sggfire_s"
		]
	},
	"pistolreload_s": {
		"subtitle":"Suppressed Pistol Reload",
		"sounds": [
			"minigun:pistolreload_s"
		]
	},
	"pistolfire_s": {
		"subtitle":"Suppressed Pistol Fire",
		"sounds": [
			"minigun:pistolfire_s"
		]
	},
	"grenadereload": {
		"subtitle":"Grenade Launcher Reload",
		"sounds": [
			"minigun:grenadereload"
		]
	},
	"dragonshoot": {
		"subtitle":"Dragon's Breath Sniper Fire",
		"sounds": [
			"minigun:dragonshoot"
		]
	},
	"grenadefire": {
		"subtitle":"Grenade Launcher Fire",
		"sounds": [
			"minigun:grenadefire"
		]
	},
	"quadfire": {
		"subtitle":"Quad Launcer Fire",
		"sounds": [
			"minigun:quadfire"
		]
	},
	"quadreload": {
		"subtitle":"Quad Launcher Reload",
		"sounds": [
			"minigun:quadreload"
		]
	},
	"tacshotreload": {
		"subtitle":"Tactical Shotgun Reload",
		"sounds": [
			"minigun:tacshotreload"
		]
	},
	"longforcefire": {
		"subtitle":"Longarm Enforcer Fire",
		"sounds": [
			"minigun:longforcefire"
		]
	},
	"drumshotreload": {
		"subtitle":"Drum Shotgun Reload",
		"sounds": [
			"minigun:drumshotreload"
		]
	},
	"drumshotfire": {
		"subtitle":"Drum Shotgun Fire",
		"sounds": [
			"minigun:drumshotfire"
		]
	},
	"tacshotgunfire": {
		"subtitle":"Tactical Shotgun Fire",
		"sounds": [
			"minigun:tacshotgunfire"
		]
	},
	"autosnipereload": {
		"subtitle":"Automatic Sniper Reload",
		"sounds": [
			"minigun:autosnipereload"
		]
	},
	"autosnipefire": {
		"subtitle":"Automatic Sniper Fire",
		"sounds": [
			"minigun:autosnipefire"
		]
	},
	"screvolverfire": {
		"subtitle":"Scoped Revolver Fire",
		"sounds": [
			"minigun:screvolverfire"
		]
	},
	"augfire": {
		"subtitle":"Steyr AUG Fire",
		"sounds": [
			"minigun:augfire"
		]
	},
	"augreload": {
		"subtitle":"Steyr AUG Reload",
		"sounds": [
			"minigun:augreload"
		]
	},
	"bfgidle": {
		"subtitle":"BFG 9000 Idle",
		"sounds": [
			"minigun:bfgidle"
		]
	},
	"bfgfire": {
		"subtitle":"BFG 9000 Fire",
		"sounds": [
			"minigun:bfgfire"
		]
	},
	"bfgreload": {
		"subtitle":"BFG 9000 Reload",
		"sounds": [
			"minigun:bfgreload"
		]
	}
}